"Id","VirtualMenuStar","OrderingProcessStar","OnlinePaymentStar","OtherComments","UserOrderId","CreatedDate"
802,5,5,5,,14777,2022-01-16T00:43:33.844237Z
801,5,1,5,Food arrived 50 minutes later than the requested time! ,14479,2021-12-08T17:26:32.295815Z
800,5,5,5,Smile ,13892,2021-09-21T05:21:33.518309Z
799,5,5,5,,13886,2021-09-20T02:11:48.826812Z
798,5,5,5,"Your hammer sandwich that you say is Spicy but not to spicy….is actually VERY spicy, my mouth was on fire and I’m south Asian, sadly couldn’t finish it because my taste buds were gone :(",13607,2021-08-29T23:56:25.635394Z
797,5,3,2,Apparently the food got ready sooner the schdeuled pickup time because the foods were not warm enough while serving.,13490,2021-08-28T19:59:01.483751Z
796,5,3,4,KINDA OF SLOW,13007,2021-08-16T02:28:28.748844Z
795,4,4,4,,13031,2021-08-15T21:58:56.591904Z
794,5,5,5,Best Chicken Sandwich!!! Always delivers 😀,12645,2021-08-07T19:27:55.838135Z
793,4,3,3,Painfully slow service,12561,2021-08-05T19:56:38.939395Z
792,4,5,5,,12492,2021-08-03T01:54:31.182171Z
791,4,5,5,More pictures of the food,12300,2021-08-02T05:32:12.709532Z
790,5,5,5,"Food taste is excellent. 
Rice cooking can be improved to have everything perfect 
",11598,2021-07-11T22:07:38.372969Z
789,1,1,1,Don’t make the tip minimum 15% when your staff acts like they do not want to be working. The only service we got was a hello and a goodbye. Doesn’t deserve a tip. The restaurant vibe felt very solitary.,11484,2021-07-09T00:52:12.495279Z
788,4,4,4,Burger was terrible!,11389,2021-07-04T22:51:43.01928Z
787,1,1,1,The food was awful. The chicken super fat and raw! Same for the burguer. ,11200,2021-07-02T00:22:40.261259Z
786,1,2,2,Script does not dit the screen,11202,2021-07-01T20:17:06.745707Z
785,2,2,3,"Beer selection weak - no IPA…no variety

Forced sign up not required, or shouldn’t be. (Go to Tap and Barrel and try their table payment system).

You have totally removed ‘service’. Why would I tip for this?",10734,2021-06-17T20:49:44.943833Z
784,1,1,5,Stupid that you can’t order the ice cream at the tables even though they are on the menu,10549,2021-06-12T19:42:13.002513Z
783,5,5,5,,6652,2021-06-12T01:07:57.708241Z
782,1,1,1,so unprofessional to say you dont know how to refund the money when you dont deliver. it is almost two hours since i placed the order. i will never order form your restaurant again. there are rules attached to delivery and is not my problem if your zereshk polo wasnt ready. dont take the order when you cant deliver i want you to delete my account as there is no delete button at my end. you delivered after 6:40 for a 4:50 delivery. ,10317,2021-06-05T01:47:00.332818Z
781,3,2,2,Drink descriptions. Better quality ingredients in food. ,10130,2021-05-29T21:10:31.265674Z
780,3,1,5,"order processing

it took so long to process my one burger order only

app says 13 minutes to prepare but it took more than that",9962,2021-05-23T01:52:07.138262Z
779,5,5,5,,9725,2021-05-17T18:23:06.583376Z
778,5,5,4,,3827,2021-05-17T04:26:36.743624Z
777,5,5,5,,9718,2021-05-17T02:51:06.195978Z
776,3,5,5,I tried to order a dessert but I could select one of the two options (regular or kids) and couldn’t add it to the checkout process ,9707,2021-05-17T00:54:25.106023Z
775,4,4,4,,9702,2021-05-17T00:46:52.965214Z
774,5,5,5,,9701,2021-05-17T00:40:03.174576Z
773,5,5,5,,9697,2021-05-17T00:16:09.659209Z
772,5,5,5,,9695,2021-05-17T00:09:43.792292Z
771,5,5,5,,9681,2021-05-16T23:35:02.81864Z
770,5,5,5,,9679,2021-05-16T23:28:29.663997Z
769,5,5,5,,9676,2021-05-16T23:19:56.455547Z
768,5,5,5,,9672,2021-05-16T23:02:10.518247Z
767,5,5,5,,9668,2021-05-16T22:36:39.165826Z
766,5,5,5,,9666,2021-05-16T22:31:05.704433Z
765,5,5,5,,9662,2021-05-16T22:17:00.141288Z
764,5,5,2,,9661,2021-05-16T22:15:24.517309Z
763,4,4,4,,9658,2021-05-16T21:55:00.414159Z
762,5,5,5,,9656,2021-05-16T21:54:15.166917Z
761,5,5,5,,9657,2021-05-16T21:53:16.036987Z
760,5,5,5,,9642,2021-05-16T20:58:39.81627Z
759,5,5,5,,9640,2021-05-16T20:49:17.30374Z
758,5,5,5,,9636,2021-05-16T20:08:45.336122Z
757,5,5,5,,9627,2021-05-16T19:32:03.30415Z
756,4,4,4,,9620,2021-05-16T18:54:32.94212Z
755,5,5,5,,9617,2021-05-16T18:33:35.242235Z
754,3,5,5,,9615,2021-05-16T18:23:10.283188Z
753,5,5,5,,9614,2021-05-16T18:12:32.853095Z
752,5,5,5,,9612,2021-05-16T18:04:20.375315Z
751,5,5,5,,9610,2021-05-16T04:29:19.134367Z
750,3,5,5,,9608,2021-05-16T04:09:27.841023Z
749,5,5,5,,9593,2021-05-16T01:25:34.703336Z
748,4,4,4,,9592,2021-05-16T00:54:45.570415Z
747,5,5,5,,9591,2021-05-16T00:44:11.725735Z
746,1,1,1,,9587,2021-05-16T00:31:58.834103Z
745,5,5,4,,9586,2021-05-16T00:26:11.118215Z
744,5,5,5,,9580,2021-05-16T00:01:40.620467Z
743,5,5,5,,9578,2021-05-15T23:54:06.229066Z
742,5,5,5,,9575,2021-05-15T23:51:47.909078Z
741,3,3,2,,9560,2021-05-15T22:38:49.077181Z
740,4,4,4,,9555,2021-05-15T22:24:49.226304Z
739,2,2,2,,9553,2021-05-15T22:20:40.220725Z
738,5,5,5,,9539,2021-05-15T21:15:30.308528Z
737,5,5,5,,9538,2021-05-15T21:14:06.99298Z
736,5,5,5,,9530,2021-05-15T20:42:01.291995Z
735,4,4,4,,9529,2021-05-15T20:31:56.536249Z
734,5,5,5,,9524,2021-05-15T20:08:38.292851Z
733,5,5,5,,9525,2021-05-15T20:08:14.484991Z
732,5,5,5,,9519,2021-05-15T19:59:46.158098Z
731,5,5,5,,9518,2021-05-15T19:53:24.060049Z
730,5,5,5,Please add a comment section for the order,9510,2021-05-15T19:40:19.950332Z
729,5,5,5,,9506,2021-05-15T19:01:21.568092Z
728,4,4,4,,9499,2021-05-15T18:21:25.838075Z
727,5,5,5,,9469,2021-05-15T00:18:21.898728Z
726,5,5,5,,9468,2021-05-15T00:01:41.2008Z
725,5,5,5,,9463,2021-05-14T23:23:03.250724Z
724,5,5,5,,9453,2021-05-14T22:13:21.680272Z
723,5,5,5,,9454,2021-05-14T22:12:39.108571Z
722,5,4,5,,9452,2021-05-14T22:12:35.814033Z
721,5,5,5,,9442,2021-05-14T20:43:55.135403Z
720,5,5,5,,9414,2021-05-13T23:32:22.289256Z
719,4,4,4,,9401,2021-05-13T19:17:29.271083Z
718,5,5,5,,9396,2021-05-13T03:41:14.205613Z
717,2,1,5,,9395,2021-05-13T03:00:44.873356Z
716,5,5,5,,9387,2021-05-12T23:50:48.069832Z
715,5,5,5,,9374,2021-05-12T16:48:39.858354Z
714,4,4,2,Credit card entry was extremely difficult on mobile device.,9340,2021-05-10T00:30:14.088598Z
713,4,5,5,,9339,2021-05-10T00:21:30.603087Z
712,5,5,5,,9337,2021-05-10T00:02:56.69293Z
711,5,5,5,No option for gluten free bun,9329,2021-05-09T23:24:40.497137Z
710,3,4,4,,9325,2021-05-09T23:11:39.942126Z
709,3,3,1,,9323,2021-05-09T23:02:53.690657Z
708,5,3,3,,9318,2021-05-09T22:47:01.245203Z
707,5,5,5,,9317,2021-05-09T22:43:51.47007Z
706,5,5,5,,9309,2021-05-09T22:20:16.639042Z
705,5,5,5,,9307,2021-05-09T22:14:26.593674Z
704,5,5,5,,9302,2021-05-09T22:10:29.71746Z
703,5,5,5,,9298,2021-05-09T22:00:56.544233Z
702,4,4,4,,9297,2021-05-09T22:00:42.490641Z
701,5,4,4,,9296,2021-05-09T21:59:40.892514Z
700,5,5,5,,9288,2021-05-09T21:19:16.846526Z
699,3,3,1,Fix credit card entry UX,9287,2021-05-09T21:16:20.71005Z
698,5,5,5,,9285,2021-05-09T21:15:37.423894Z
697,4,4,5,,9270,2021-05-09T19:34:37.758445Z
696,4,5,4,,9267,2021-05-09T19:27:23.354923Z
695,4,4,3,Should pay at the end,9265,2021-05-09T19:07:09.262916Z
694,5,5,5,,9260,2021-05-09T18:48:31.9798Z
693,4,4,4,,9258,2021-05-09T18:18:54.502221Z
692,2,4,5,More pictures of the food please,9250,2021-05-09T02:44:26.635444Z
691,5,5,5,,9249,2021-05-09T02:35:04.721203Z
690,5,5,5,,9246,2021-05-09T01:41:02.064248Z
689,4,4,4,,9245,2021-05-09T01:24:01.536389Z
688,5,5,5,,9244,2021-05-09T01:13:21.854068Z
687,5,5,5,Super easy,9241,2021-05-09T00:35:24.494669Z
686,3,3,3,,9240,2021-05-09T00:34:26.679878Z
685,2,2,1,,9239,2021-05-09T00:17:11.453761Z
684,5,5,5,,9236,2021-05-09T00:09:45.035497Z
683,5,5,5,,9234,2021-05-08T23:57:55.376343Z
682,5,5,5,,9223,2021-05-08T23:16:06.264686Z
681,3,3,3,Debit card payment? ,9219,2021-05-08T23:05:46.344253Z
680,5,5,5,,9216,2021-05-08T22:54:59.976672Z
679,5,5,5,,9214,2021-05-08T22:41:54.311953Z
678,5,5,5,,9208,2021-05-08T22:05:57.451016Z
677,5,5,5,,9209,2021-05-08T22:05:06.164151Z
676,5,5,5,,9194,2021-05-08T20:44:09.961121Z
675,5,5,5,,9189,2021-05-08T20:14:46.990413Z
674,4,4,4,,9185,2021-05-08T19:38:46.512133Z
673,3,4,4,,9180,2021-05-08T19:10:47.127756Z
672,5,5,5,,9179,2021-05-08T19:09:02.949114Z
671,3,5,5,Spicy sandwich isn’t visible on the kiosk. Sides aren’t available on the website. ,9176,2021-05-08T18:19:26.908639Z
670,5,5,5,Pick up orders may not need Tip option!,9158,2021-05-08T00:42:15.494565Z
669,5,5,5,,9149,2021-05-07T23:00:16.470296Z
668,5,5,5,,9139,2021-05-07T20:12:03.263553Z
667,5,5,5,"After coming here last week on a Monday and finding you closed, I have phoned 2 times this week and did not come because no one answered. Please make a way to know you are open today easier. I love this place!",9138,2021-05-07T20:08:26.203279Z
666,5,5,5,,9136,2021-05-07T19:08:16.911084Z
665,5,5,5,,9132,2021-05-07T02:41:05.916826Z
664,5,5,5,,9124,2021-05-07T00:57:42.56477Z
663,5,5,5,,9122,2021-05-07T00:29:41.002445Z
662,5,5,5,,9118,2021-05-06T22:49:47.914551Z
661,5,5,5,Bigger menu ,9116,2021-05-06T22:29:48.23527Z
660,5,5,3,,9111,2021-05-06T19:48:17.596183Z
659,5,5,5,,9105,2021-05-06T02:54:55.590296Z
658,5,5,5,Nada!,9097,2021-05-06T00:54:07.866322Z
657,5,5,5,,9091,2021-05-05T23:26:18.363621Z
656,3,4,4,Hard to know what the fillings for tacos are to non-Spanish speakers. ,9090,2021-05-05T22:59:01.313024Z
655,5,5,5,,9087,2021-05-05T22:41:02.445595Z
654,4,4,5,,9085,2021-05-05T22:40:49.28573Z
653,5,5,5,,9084,2021-05-05T22:40:21.100393Z
652,5,5,5,,9077,2021-05-05T20:29:58.374235Z
651,5,5,5,,9075,2021-05-05T20:14:54.499729Z
650,4,4,2,,9073,2021-05-05T19:20:38.657554Z
649,5,5,5,,9056,2021-05-04T18:20:31.682364Z
648,5,5,5,,9049,2021-05-03T22:55:43.730903Z
647,5,5,5,,9044,2021-05-03T18:23:12.316184Z
646,5,5,5,,9035,2021-05-03T00:08:18.289328Z
645,5,2,4,,9028,2021-05-02T23:16:13.862089Z
644,5,5,5,More happy hour 😄,9022,2021-05-02T23:11:00.122684Z
643,5,5,5,,9024,2021-05-02T23:10:55.398677Z
642,5,5,5,,9019,2021-05-02T23:04:39.641065Z
641,3,4,4,,9018,2021-05-02T22:56:29.601292Z
640,5,5,5,,9016,2021-05-02T22:49:43.98043Z
639,5,5,5,,9008,2021-05-02T21:55:33.772851Z
638,5,5,5,,9004,2021-05-02T21:30:35.748877Z
637,5,5,5,,8999,2021-05-02T21:03:21.752341Z
636,4,5,4,,8998,2021-05-02T21:00:22.263173Z
635,5,5,5,,8997,2021-05-02T20:51:37.006214Z
634,5,5,5,Good stuff,8994,2021-05-02T20:32:26.901798Z
633,5,5,5,,8993,2021-05-02T20:28:49.232847Z
632,5,4,5,,8992,2021-05-02T20:24:09.478584Z
631,5,5,5,,8989,2021-05-02T20:01:42.414022Z
630,5,5,5,,8988,2021-05-02T20:01:14.824888Z
629,3,3,5,,8981,2021-05-02T19:43:39.920163Z
628,5,5,5,,8977,2021-05-02T19:29:59.150434Z
627,5,5,5,,8970,2021-05-02T18:51:16.408688Z
626,3,5,5,Couldn't order puffcream because it wouldn't let me select the size. Would also be good to be able to customize burger toppings.,8968,2021-05-02T18:18:12.030465Z
625,5,5,5,,8967,2021-05-02T18:16:14.326097Z
624,3,5,5,,8963,2021-05-02T06:06:03.248039Z
623,3,5,5,,8962,2021-05-02T04:29:50.382395Z
622,5,5,5,,8960,2021-05-02T02:26:26.037321Z
621,5,5,5,,8954,2021-05-02T01:00:12.446858Z
620,2,3,2,,8941,2021-05-02T00:12:58.435938Z
619,5,5,5,,8926,2021-05-01T23:05:10.15365Z
618,5,5,5,,8923,2021-05-01T23:02:03.61827Z
617,4,5,3,Add more beer options and make non-Google payment options clearer,8918,2021-05-01T22:50:38.419382Z
616,5,3,5,About the ordering process: it would be nice to know what is the expected waiting time if ASAP is selected. It would also be nice to be able to schedule a pick up time that starts earlier than 1h and 1/2 half ordering.,8914,2021-05-01T22:37:46.658639Z
615,5,3,3,Allow payment through terminal tap,8907,2021-05-01T22:08:05.631754Z
614,5,5,5,,8896,2021-05-01T21:19:16.856287Z
613,5,5,5,,8892,2021-05-01T20:34:49.347186Z
612,5,5,5,,8890,2021-05-01T20:12:46.765463Z
611,5,4,3,,8889,2021-05-01T20:03:21.517812Z
610,5,5,5,,8885,2021-05-01T19:32:05.218164Z
609,5,5,4,,8884,2021-05-01T19:23:10.823314Z
608,5,5,5,,8872,2021-05-01T02:28:36.59698Z
607,4,4,4,"More pictures, some descriptions not very good. Otherwise great.",8866,2021-05-01T02:00:43.449149Z
606,5,5,5,,8844,2021-05-01T00:00:55.926551Z
605,5,5,5,,8838,2021-04-30T23:49:01.882475Z
604,5,5,5,,8810,2021-04-30T03:57:07.002298Z
603,5,5,5,,8809,2021-04-30T03:44:02.402845Z
602,5,5,5,,8232,2021-04-30T00:05:37.462417Z
601,4,5,5,"Picture on every menu item would be helpful, especially for first timers.",8787,2021-04-29T19:16:02.108513Z
600,5,5,5,,8786,2021-04-29T19:12:33.868367Z
599,5,5,5,,8781,2021-04-29T03:11:17.83152Z
598,5,5,5,,8780,2021-04-29T02:53:16.721558Z
597,5,5,5,,8764,2021-04-29T01:17:34.278545Z
596,3,3,3,,8771,2021-04-28T23:33:58.409959Z
595,5,5,5,Brilliant ,8766,2021-04-28T20:13:19.017796Z
594,5,5,5,,8765,2021-04-28T20:12:45.537119Z
593,5,5,5,,8761,2021-04-28T18:48:54.840112Z
592,5,5,5,,8760,2021-04-28T18:45:42.353032Z
591,3,5,5,More photos and descriptions of the menu items.,8757,2021-04-28T04:18:31.186509Z
590,4,4,4,,8754,2021-04-28T01:23:50.169323Z
589,5,5,5,,8753,2021-04-27T22:47:10.44599Z
588,2,4,4,Add more pictures,8749,2021-04-27T03:36:47.851418Z
587,4,3,3,Allow to pay at restaurant would help ,8748,2021-04-27T02:45:33.766683Z
586,5,5,5,,8736,2021-04-26T01:21:52.678679Z
585,4,4,2,Pay in store option,8735,2021-04-26T01:10:15.528586Z
584,5,5,5,,8731,2021-04-25T23:52:25.538952Z
583,5,5,5,,8716,2021-04-25T21:31:47.837733Z
582,5,5,5,,8714,2021-04-25T21:22:27.736303Z
581,5,5,5,Server was very polite and welcoming. ,8713,2021-04-25T21:18:59.237937Z
580,5,5,5,,8711,2021-04-25T20:47:34.090769Z
579,5,5,5,,8708,2021-04-25T20:27:12.678774Z
578,5,5,5,,8704,2021-04-25T19:56:41.792449Z
577,5,5,5,,8695,2021-04-25T19:02:41.650771Z
576,5,5,5,,8693,2021-04-25T16:44:09.411292Z
575,4,4,4,,8688,2021-04-25T02:32:39.114131Z
574,3,5,4,,8684,2021-04-25T02:18:05.033699Z
573,4,4,4,,8683,2021-04-25T02:18:04.878192Z
572,5,5,5,,8674,2021-04-25T00:14:10.064928Z
571,4,4,4,,8671,2021-04-24T23:58:30.398337Z
570,5,5,5,Nothing but perfection ,8667,2021-04-24T22:56:30.797665Z
569,5,5,5,,8660,2021-04-24T21:13:34.990018Z
568,5,5,5,,8659,2021-04-24T21:12:55.557114Z
567,5,5,5,,8648,2021-04-24T04:13:41.739269Z
566,5,5,5,,8638,2021-04-24T00:44:48.932306Z
565,5,5,5,,8636,2021-04-24T00:30:30.28876Z
564,3,5,5,Wish there were more drink options ,8629,2021-04-23T22:46:40.116917Z
563,5,5,5,,8627,2021-04-23T22:02:18.055419Z
562,4,4,4,,8621,2021-04-23T21:03:07.340348Z
561,5,5,5,,8614,2021-04-23T19:44:30.766134Z
560,3,4,3,,8612,2021-04-23T19:26:09.415451Z
559,3,4,5,,8613,2021-04-23T19:25:14.243984Z
558,5,5,5,,8606,2021-04-23T02:57:21.616685Z
557,5,5,5,,8603,2021-04-23T01:40:57.770436Z
556,5,5,5,,8602,2021-04-23T01:09:48.325012Z
555,3,3,3,,8598,2021-04-23T00:31:38.878272Z
554,5,5,5,,8589,2021-04-22T22:19:58.814651Z
553,3,3,4,Let us order from the waitress,8582,2021-04-22T19:27:09.118578Z
552,4,4,4,,8581,2021-04-22T18:46:18.800872Z
551,5,5,5,,8571,2021-04-22T00:31:42.833632Z
550,5,5,5,Nothing! You guys are doing great! It’s just a little cold with the windows open 😭 ,8564,2021-04-21T23:07:01.30994Z
549,5,5,5,,8562,2021-04-21T22:14:16.278161Z
548,3,5,5,"Add a ""Drinks"" section",8555,2021-04-21T20:21:49.51296Z
547,5,5,5,,8553,2021-04-21T19:36:36.290356Z
546,5,5,3,Great but took a few clicks to process ofder,8533,2021-04-20T01:35:29.370192Z
545,5,4,4,"Would be nice to have photos of all food items -- I hope the Tahdig is rice not bread, but if it's bread, I'll probably still like it. 

Regarding ordering, I wish I didn't have to make an account to order. ",8532,2021-04-20T01:15:29.388948Z
544,5,5,5,,8519,2021-04-19T01:45:51.148144Z
543,5,5,5,,8500,2021-04-18T22:48:29.357217Z
542,5,5,5,,8499,2021-04-18T22:47:41.427786Z
541,5,5,5,,8487,2021-04-18T22:09:49.125294Z
540,5,5,5,,8485,2021-04-18T22:08:23.912579Z
539,4,4,5,,8475,2021-04-18T20:28:26.317869Z
538,4,1,1,,8474,2021-04-18T20:13:25.395908Z
537,5,5,5,,8462,2021-04-18T19:14:02.235173Z
536,5,5,5,,8456,2021-04-18T19:04:27.976741Z
535,4,5,5,,8454,2021-04-18T18:58:43.847747Z
534,5,5,5,:),8450,2021-04-18T18:33:15.350559Z
533,5,5,5,,8447,2021-04-18T18:05:38.12029Z
532,3,3,4,,8445,2021-04-18T04:21:13.163048Z
531,5,5,1,Want to pay with Apple Pay. ,8440,2021-04-18T01:53:37.588002Z
530,5,5,5,,8433,2021-04-18T00:50:19.615858Z
529,5,5,5,,8428,2021-04-18T00:32:53.252696Z
528,5,5,5,,8427,2021-04-18T00:08:37.987221Z
527,4,4,3,Every time you press back it starts from scratch. Need cash payment option,8419,2021-04-17T23:50:12.338422Z
526,5,5,5,,8416,2021-04-17T23:41:16.095262Z
525,5,5,5,,8411,2021-04-17T23:29:58.810385Z
524,3,4,4,,8407,2021-04-17T23:25:19.32032Z
523,5,5,5,,8395,2021-04-17T22:42:42.799885Z
522,1,1,1,,8379,2021-04-17T21:56:48.787672Z
521,5,5,5,,8380,2021-04-17T21:55:20.872268Z
520,5,5,5,,8378,2021-04-17T21:36:53.030762Z
519,5,5,5,,8357,2021-04-17T20:26:29.623009Z
518,5,5,5,,8344,2021-04-17T19:56:05.16699Z
517,5,5,5,,8339,2021-04-17T19:44:03.396203Z
516,5,5,5,,8333,2021-04-17T18:23:59.774884Z
515,5,5,5,,8329,2021-04-17T03:48:47.886851Z
514,5,5,5,,8320,2021-04-17T01:22:00.832863Z
513,5,5,5,,8319,2021-04-17T01:19:41.993164Z
512,5,5,5,,8318,2021-04-17T01:11:22.05107Z
511,5,1,5,After ordering it took 10 min to process and then another 10 minutes for two ice creams. An extremely suboptimal system. ,8313,2021-04-17T00:56:55.697879Z
510,1,1,2,,8311,2021-04-17T00:44:25.581443Z
509,5,5,5,,8312,2021-04-17T00:42:14.835896Z
508,5,5,5,,8306,2021-04-17T00:27:06.501492Z
507,5,5,5,,8288,2021-04-16T23:05:08.00715Z
506,4,4,2,,8279,2021-04-16T22:11:33.129977Z
505,5,5,5,,8270,2021-04-16T20:48:56.545483Z
504,5,5,5,,8268,2021-04-16T20:27:19.366019Z
503,3,3,4,,8264,2021-04-16T19:26:53.550791Z
502,5,5,5,,8259,2021-04-16T18:58:57.656815Z
501,4,1,1,,8258,2021-04-16T18:55:35.656494Z
500,4,4,4,,8257,2021-04-16T18:50:04.555486Z
499,5,5,5,,8256,2021-04-16T18:48:58.897818Z
498,5,5,5,,8255,2021-04-16T18:45:22.97341Z
497,5,5,5,,8252,2021-04-16T03:29:23.848383Z
496,5,5,5,,8243,2021-04-16T01:25:37.037742Z
495,5,5,4,,8230,2021-04-15T23:46:47.136881Z
494,5,5,5,,8229,2021-04-15T22:47:03.98644Z
493,4,4,4,"More detail for all of the dishes
Photos for all of the dishes
Option to check how you would like to be contacted.
Would like option to pay in person. Found credit card pop up window to small - took numerous times to make work ",8208,2021-04-15T18:57:24.167246Z
492,5,5,5,,8207,2021-04-15T18:25:44.870434Z
491,5,5,5,,8203,2021-04-15T01:57:40.644053Z
490,5,5,5,,8200,2021-04-15T00:58:12.713942Z
489,5,5,5,,8196,2021-04-15T00:49:51.372399Z
488,3,3,3,You forgot to put fries on the online menu,8194,2021-04-15T00:44:32.190544Z
487,5,5,5,,8192,2021-04-15T00:38:13.617043Z
486,5,5,5,,8189,2021-04-14T23:54:39.121852Z
485,5,5,5,,8187,2021-04-14T23:39:54.255143Z
484,5,5,5,,8186,2021-04-14T23:37:01.432553Z
483,5,5,5,,8176,2021-04-14T21:49:00.719136Z
482,5,5,5,,8174,2021-04-14T21:39:35.975396Z
481,5,5,4,,8171,2021-04-14T21:15:18.836342Z
480,5,5,5,,8168,2021-04-14T20:22:59.56986Z
479,4,4,4,,8162,2021-04-14T19:02:05.668622Z
478,5,5,5,,8161,2021-04-14T18:48:43.758987Z
477,4,4,4,,8159,2021-04-14T18:44:12.372426Z
476,5,5,5,"Everything fine, but last time I found two lengths of thin plastic ribbon (one inch or inch and a half length) - like the material the bag that holds the rice is made of; but oh my word the food is delicious. Thank you",8158,2021-04-14T03:38:25.5957Z
475,4,4,4,,8157,2021-04-14T01:28:45.910644Z
474,5,5,5,,8139,2021-04-12T02:23:19.40364Z
473,5,5,5,,8133,2021-04-12T01:00:56.598621Z
472,5,5,5,,8131,2021-04-12T00:55:06.940018Z
471,5,5,5,,8119,2021-04-11T23:59:45.236614Z
470,5,5,5,,8109,2021-04-11T23:43:07.887795Z
469,5,5,5,,8103,2021-04-11T23:23:07.070379Z
468,5,5,5,,8101,2021-04-11T23:14:04.023491Z
467,5,5,5,,8087,2021-04-11T22:07:21.995683Z
466,4,5,5,,8080,2021-04-11T21:39:40.287767Z
465,4,5,5,,8077,2021-04-11T21:24:42.891257Z
464,5,5,5,,8073,2021-04-11T20:55:05.524896Z
463,5,5,5,,8068,2021-04-11T20:29:32.523962Z
462,4,4,3,,8066,2021-04-11T20:14:44.886886Z
461,5,5,5,,8063,2021-04-11T20:10:25.970962Z
460,4,2,1,I ordered happy hour beers and I got charged the full price 🙁,8020,2021-04-11T05:02:12.145489Z
459,5,5,3,,8047,2021-04-11T02:52:19.601016Z
458,5,5,5,,8039,2021-04-11T00:37:48.740342Z
457,5,3,5,,8035,2021-04-11T00:14:08.388844Z
456,5,5,5,,8024,2021-04-10T23:27:40.9184Z
455,5,5,5,,8017,2021-04-10T23:03:41.665653Z
454,5,5,5,,7998,2021-04-10T21:24:18.299939Z
453,4,4,4,Unsure why we couldn’t select the puffs ,7989,2021-04-10T20:18:51.383611Z
452,4,5,5,,7985,2021-04-10T19:53:18.934966Z
451,5,5,5,,7982,2021-04-10T19:37:02.587476Z
450,5,5,5,,7973,2021-04-10T18:30:38.359899Z
449,3,5,5,More pictures for the food!,7959,2021-04-10T00:21:07.226047Z
448,5,5,5,,7952,2021-04-09T23:57:08.517612Z
447,5,5,5,,7946,2021-04-09T21:42:06.655798Z
446,5,5,5,,7944,2021-04-09T20:48:19.847174Z
445,5,5,5,,7940,2021-04-09T19:23:56.62905Z
444,5,5,5,,7939,2021-04-09T19:13:29.300176Z
443,5,5,5,,7938,2021-04-09T19:02:02.149688Z
442,5,5,5,,7933,2021-04-09T02:40:20.228736Z
441,5,5,5,A default 20% tip is high for food I'm picking up myself.,7932,2021-04-09T01:10:13.615588Z
440,5,5,5,thank you for yesterday and for letting me know of the daily specials.,6399,2021-04-09T01:03:35.780535Z
439,5,5,5,,7929,2021-04-08T23:59:19.575893Z
438,5,5,5,,7927,2021-04-08T23:42:08.028812Z
437,5,5,5,,7925,2021-04-08T23:25:40.543684Z
436,5,5,5,,7920,2021-04-08T20:57:34.67194Z
435,5,5,5,,7919,2021-04-08T20:28:41.779091Z
434,4,3,3,,7912,2021-04-08T18:33:12.865071Z
433,5,5,5,,7898,2021-04-07T00:49:30.314834Z
432,5,5,5,,7889,2021-04-06T01:05:05.570791Z
431,5,5,5,I think everything is good as it is. This is my first time ordering from you.,7887,2021-04-05T05:47:52.965466Z
430,4,5,5,,7878,2021-04-05T01:21:50.993297Z
429,5,5,5,,7849,2021-04-04T22:33:44.793615Z
428,5,5,5,I really appreciate that I can use Apple Pay instead of entering manually my credit card infos,7839,2021-04-04T21:38:53.109567Z
427,5,5,5,,7782,2021-04-04T02:14:46.966945Z
426,5,5,5,Thank you for the amazing gluten free options!!,7778,2021-04-04T00:56:54.55806Z
425,5,5,5,,7753,2021-04-03T21:42:04.420455Z
424,2,1,1,Why tip? We did all the work. ,7743,2021-04-03T20:45:44.946474Z
423,5,5,5,,7712,2021-04-02T23:52:05.185225Z
422,5,5,3,,7674,2021-04-02T21:12:59.323179Z
421,5,5,3,,7651,2021-04-02T19:28:31.045298Z
420,5,5,1,,7650,2021-04-02T19:24:16.336531Z
419,5,5,5,,7628,2021-04-02T00:27:22.761066Z
418,4,4,4,,7618,2021-04-01T23:52:17.518552Z
417,5,5,5,,7590,2021-04-01T04:00:43.184623Z
416,2,5,5,,7566,2021-03-31T22:08:48.578207Z
415,5,5,5,,7565,2021-03-31T21:39:14.246308Z
414,5,5,5,,7521,2021-03-29T20:13:23.835033Z
413,5,5,5,,7504,2021-03-28T22:23:09.708199Z
412,5,5,5,,7483,2021-03-28T19:22:58.171Z
411,5,5,4,,7440,2021-03-27T21:55:59.605124Z
410,4,3,1,I asked the restaurant for a receipt so I can claim for work.  They said they don't have it and it's by email.  I can't find an official receipt to submit for work.  Please get back to me.,7398,2021-03-27T03:32:56.482956Z
409,3,2,1,Payment sent me to Nespresso ad...,7395,2021-03-27T00:49:15.198716Z
408,5,5,5,,7367,2021-03-26T19:24:46.927322Z
407,5,5,5,,7358,2021-03-26T04:20:55.298807Z
406,3,2,3,,7320,2021-03-25T01:07:13.62871Z
405,5,5,5,,7311,2021-03-24T20:29:49.279099Z
404,5,5,5,,7310,2021-03-24T20:05:19.915692Z
403,5,5,5,,7308,2021-03-24T19:57:18.017646Z
402,5,5,5,,7306,2021-03-24T19:54:22.088825Z
401,4,2,4,,7281,2021-03-21T23:58:04.756286Z
400,5,5,5,,7273,2021-03-21T19:33:22.380056Z
399,5,5,5,,7247,2021-03-20T22:50:42.354662Z
398,5,5,5,,7227,2021-03-20T20:36:43.58293Z
397,4,4,4,,7170,2021-03-18T18:42:11.702799Z
396,5,4,4,,7145,2021-03-17T19:32:11.695736Z
395,5,5,5,,7142,2021-03-17T18:48:12.272279Z
394,5,5,5,,7139,2021-03-17T01:27:59.119456Z
393,4,4,5,"We did take out, so good food always  continues to cook.  That said Chicken Kabob was fabulous. Sadly ,the Lamb chops were overdone. Perhaps if ordered in house dining and enjoyed in the restaurant, they might have been much better .   ",7130,2021-03-15T04:02:56.078431Z
392,5,5,5,,7126,2021-03-14T23:56:02.018542Z
391,1,1,1,,7119,2021-03-14T22:38:01.254166Z
390,4,1,1,,7117,2021-03-14T22:35:57.292097Z
389,4,4,4,,7096,2021-03-14T02:19:18.370718Z
388,2,5,5,More food variety ,7085,2021-03-14T01:27:41.188242Z
387,5,5,5,,7081,2021-03-14T00:37:18.117087Z
386,4,5,5,,7080,2021-03-14T00:34:33.108079Z
385,5,5,5,,7048,2021-03-13T21:33:49.425072Z
384,5,5,5,,7039,2021-03-13T21:08:19.843246Z
383,5,5,5,,7017,2021-03-13T03:30:28.34393Z
382,5,5,5,,6994,2021-03-12T23:07:17.194125Z
381,5,1,2,Process not smooth or intuitive. ,6983,2021-03-12T21:15:27.803416Z
380,5,1,2,Wasn't a smooth process,6982,2021-03-12T21:15:16.599703Z
379,5,5,5,,6961,2021-03-11T22:30:22.530478Z
378,5,5,5,,6960,2021-03-11T22:19:47.682346Z
377,5,5,5,,6957,2021-03-11T20:49:13.396488Z
376,3,4,5,"Clearer instruction outside explaining where and how to order only puff cream. Also, disappointing when menu items are unavailable. Payment with Apple Pay was flawless. ",6952,2021-03-11T19:23:47.277256Z
375,5,5,5,,6950,2021-03-11T19:12:34.712793Z
374,5,4,3,Delivery Fee is VERY high!,6926,2021-03-10T03:11:56.563201Z
373,4,5,5,,6915,2021-03-08T19:14:53.699051Z
372,4,4,3,,6903,2021-03-08T02:35:31.613801Z
371,5,5,5,,6862,2021-03-07T21:07:53.780179Z
370,4,4,4,,6856,2021-03-07T20:38:35.778344Z
369,5,5,5,,6845,2021-03-07T03:45:40.79508Z
368,5,5,5,,6820,2021-03-07T00:21:26.333488Z
367,4,3,2,Online payment was annoying. ,6806,2021-03-07T00:01:18.170591Z
366,5,5,5,,6777,2021-03-06T22:03:22.561909Z
365,5,5,5,,6760,2021-03-06T21:17:15.772564Z
364,5,5,5,Very smooth compared to other online payment systems,5046,2021-03-06T03:28:31.762636Z
363,4,4,4,,6709,2021-03-05T21:15:38.515551Z
362,5,5,5,,6658,2021-03-03T19:56:34.685612Z
361,5,5,5,,6655,2021-03-03T02:44:49.873301Z
360,5,5,5,,6641,2021-03-01T23:16:45.789786Z
359,5,5,5,,6580,2021-03-01T05:18:30.49853Z
358,5,5,5,,6633,2021-03-01T01:58:00.691753Z
357,5,5,5,,6627,2021-03-01T01:01:45.119614Z
356,4,4,4,,6613,2021-02-28T22:46:29.694067Z
355,5,1,5,,6594,2021-02-28T21:17:32.700022Z
354,5,5,5,Nice,6588,2021-02-28T20:50:17.564617Z
353,5,5,5,,6582,2021-02-28T19:40:24.230985Z
352,3,3,3,"Bit confusing but credit card machine stopped working & slow to load online ordering
Appreciate what you guys do though, thank you ❤️",6570,2021-02-28T01:58:45.714663Z
351,5,5,5,,6499,2021-02-27T21:54:17.865373Z
350,5,4,4,,6501,2021-02-27T21:39:51.004464Z
349,3,3,3,,6488,2021-02-27T20:05:01.963405Z
348,5,4,4,,6485,2021-02-27T19:57:43.593714Z
347,1,1,1,The sign into fb Google etc doesn’t work. Takes to long. I’m doing all the work,6470,2021-02-27T00:52:59.562859Z
346,5,5,5,,6463,2021-02-26T23:49:10.903933Z
345,5,4,3,"Add paypal.

More confidence about the security of the card collection dialog.",6439,2021-02-26T02:06:51.275002Z
344,5,5,5,,6418,2021-02-25T02:54:03.98039Z
343,5,5,5,,6414,2021-02-24T22:32:55.635082Z
342,4,3,5,,6411,2021-02-24T19:43:09.839314Z
341,4,5,5,More pictures for items on the menu 😊,6398,2021-02-22T22:54:25.247963Z
340,5,5,5,,6372,2021-02-21T20:57:50.220962Z
339,5,5,5,,6371,2021-02-21T20:56:18.412079Z
338,5,5,5,,6370,2021-02-21T20:56:04.605662Z
337,5,5,5,,6368,2021-02-21T20:52:08.952004Z
336,5,5,5,,6358,2021-02-21T01:25:15.631055Z
335,5,5,5,,6348,2021-02-21T00:31:31.047183Z
334,5,3,3,,6337,2021-02-20T22:45:06.706893Z
333,5,5,5,,6332,2021-02-20T22:27:52.689811Z
332,5,5,5,,6309,2021-02-20T21:17:02.092094Z
331,3,3,3,,6304,2021-02-20T20:56:35.026096Z
330,2,3,3,not all choices were available for dineout,6303,2021-02-20T20:55:37.7505Z
329,5,5,5,Hehe,6295,2021-02-20T20:34:48.35995Z
328,5,5,5,EZ PZ loved it,6296,2021-02-20T20:34:00.46943Z
327,4,4,5,,6262,2021-02-19T23:09:56.040649Z
326,4,2,3,,6261,2021-02-19T22:46:17.570328Z
325,4,4,4,,6239,2021-02-19T00:23:20.532683Z
324,5,5,5,,6236,2021-02-18T21:33:13.867486Z
323,5,5,5,Add main course choices to the menu,6173,2021-02-16T00:29:08.775544Z
322,1,1,1,"Picture is of a bottle yet I was brought a cup filled with mostly ice .  Almost $30 Seems pretty steep for 2 drinks .  Pictures should represent what you’re buying .
I feel ripped off .",6156,2021-02-15T00:39:26.651935Z
321,1,1,4,Unable to request changes such as no onion,6154,2021-02-15T00:17:29.593693Z
320,4,4,2,Lower your delivery fee.,6104,2021-02-14T01:16:18.849222Z
319,5,5,5,,6096,2021-02-13T23:59:12.368017Z
318,5,5,3,,6086,2021-02-13T22:44:28.730806Z
317,5,5,5,,6078,2021-02-13T22:19:53.444316Z
316,1,1,1,Too much hassle and didn't work with Amex pay. Had to enter all card details. Major hassle.,6057,2021-02-13T21:11:40.393462Z
315,3,1,1,"The lady in the covered area directed us to the window to order, which was closed.  We knocked to clarifying and the other woman rudely pointed us to the sign and turned back to her phone.  I was ready to leave and not come back except my son wanted his still.  We are here to support business in these times, and it’s experiences like this that make it harder. ",6049,2021-02-13T01:02:27.983434Z
314,5,5,5,,6022,2021-02-12T20:19:40.446991Z
313,4,5,5,,6017,2021-02-12T20:06:17.634306Z
312,5,5,5,,6010,2021-02-12T04:55:29.753484Z
311,5,5,5,,6002,2021-02-11T23:15:00.441712Z
310,5,5,5,,5997,2021-02-11T19:08:33.241703Z
309,3,5,5,Need more pictures! ,5993,2021-02-11T02:17:43.803116Z
308,5,5,5,,5972,2021-02-09T21:21:07.8805Z
307,5,5,5,,5970,2021-02-09T05:17:06.286781Z
306,4,4,4,,5949,2021-02-08T00:40:01.013864Z
305,3,5,5,,5935,2021-02-07T23:09:36.573224Z
304,4,1,1,,5928,2021-02-07T23:00:07.847375Z
303,3,1,4,Very disorganized ,5910,2021-02-07T22:27:25.143106Z
302,2,2,4,"more items, better atmosphere for ordering would be nice ",5917,2021-02-07T22:25:21.612001Z
301,1,1,5,Not making online,5900,2021-02-07T21:34:14.583208Z
300,5,5,5,,5792,2021-02-06T22:02:14.886377Z
299,5,5,5,Missing item :(,5726,2021-02-05T03:28:46.345532Z
298,5,4,3,,5717,2021-02-04T05:11:52.640427Z
297,5,5,5,,5687,2021-02-03T21:23:59.826501Z
296,5,5,5,,5677,2021-02-03T02:41:08.306307Z
295,5,1,1,,5667,2021-02-02T01:34:09.391149Z
294,5,5,5,,5663,2021-02-01T20:06:46.08886Z
293,5,5,5,,5659,2021-02-01T00:53:00.81242Z
292,5,5,5,Was great!,5652,2021-01-31T23:00:38.717778Z
291,5,5,5,,5646,2021-01-31T22:36:47.694997Z
290,5,5,5,,5621,2021-01-31T04:29:40.739316Z
289,4,5,5,,5571,2021-01-30T03:55:32.794005Z
288,4,4,4,,5564,2021-01-30T01:38:56.350745Z
287,5,3,5,,5559,2021-01-30T00:07:56.332212Z
286,5,5,5,,5546,2021-01-29T22:10:30.25308Z
285,5,5,5,,5523,2021-01-29T00:30:16.31391Z
284,5,4,2,Add Paypal or Visa Checkout please,5514,2021-01-28T01:53:42.266265Z
283,5,5,5,,5508,2021-01-27T21:10:32.006153Z
282,5,5,5,,5487,2021-01-25T03:10:53.223561Z
281,5,5,5,,5467,2021-01-24T20:06:44.313847Z
280,5,4,4,,5456,2021-01-24T01:25:52.817389Z
279,5,5,5,,5439,2021-01-24T00:17:47.213417Z
278,4,4,2,,5429,2021-01-23T23:25:13.005999Z
277,4,1,1,,5430,2021-01-23T23:19:09.881764Z
276,5,5,5,,5428,2021-01-23T23:05:07.917664Z
275,5,5,5,,5419,2021-01-23T22:49:20.918527Z
274,5,5,5,,5397,2021-01-23T22:13:16.055936Z
273,5,4,5,Very efficient however I would suggest to advise upfront that we will receive a text once ready. Everyone ends up huddling by the window waiting for a call.,5367,2021-01-23T22:06:51.308534Z
272,4,3,1,,5365,2021-01-23T20:23:05.258734Z
271,5,5,5,,5358,2021-01-23T20:05:36.713991Z
270,5,5,5,,5347,2021-01-23T01:34:01.135352Z
269,5,5,5,,5338,2021-01-23T00:56:09.287872Z
268,5,4,4,,5336,2021-01-23T00:53:51.775275Z
267,4,5,4,"The tip amount depends on the service level but the tip is asked before service completion, for dine in. ",5326,2021-01-23T00:19:15.474901Z
266,5,3,5,,5286,2021-01-22T00:57:55.772404Z
265,2,2,1,,5280,2021-01-21T21:04:17.873115Z
264,5,5,5,,5238,2021-01-18T02:54:11.755088Z
263,5,5,4,,5220,2021-01-17T23:39:53.723769Z
262,5,5,5,,5200,2021-01-17T22:09:07.92768Z
261,3,4,1,Will pay debit when picking up.,5157,2021-01-16T23:30:34.106663Z
260,4,4,4,,5141,2021-01-16T22:22:44.897058Z
259,5,3,5,Don’t like to need creating an account just to order,5130,2021-01-16T21:30:27.060053Z
258,5,5,5,,5104,2021-01-16T00:46:04.071182Z
257,5,3,1,Option of how much to tip,5099,2021-01-16T00:20:32.889154Z
256,5,5,5,Loved it,5082,2021-01-15T22:57:46.7519Z
255,4,4,5,"I got confused - it looked like I had to preorder, the Now choice was not obvious.",5054,2021-01-14T20:59:21.115596Z
254,3,5,5,,5028,2021-01-13T22:06:04.509031Z
253,5,5,5,,5003,2021-01-11T01:05:01.099907Z
252,5,5,5,,4996,2021-01-11T00:08:44.302458Z
251,5,5,5,Nice and easy. ,4992,2021-01-10T23:42:38.660745Z
250,5,3,5,Let us know the wait time before we order,4951,2021-01-10T01:21:07.916647Z
249,5,5,5,,4940,2021-01-10T00:19:38.765458Z
248,5,5,5,,4941,2021-01-10T00:18:31.16855Z
247,5,5,5,,4890,2021-01-09T20:57:07.380643Z
246,2,5,5,MORE PICTURES NEEDED FOR FOOD TYPES THAT CURRENTLY DO NOT HAVE ONE,4855,2021-01-08T22:43:35.493297Z
245,5,5,5,,4821,2021-01-06T22:05:35.404137Z
244,5,5,5,,4797,2021-01-05T02:40:03.984281Z
243,5,5,5,,4794,2021-01-04T20:22:49.109024Z
242,5,5,5,,4783,2021-01-04T01:41:58.511078Z
241,5,5,5,,4772,2021-01-03T23:51:32.13374Z
240,5,5,5,,4763,2021-01-03T23:23:48.870364Z
239,5,5,5,,4753,2021-01-03T22:58:48.273308Z
238,5,5,5,,4743,2021-01-03T22:36:19.671347Z
237,3,3,5,,4738,2021-01-03T22:25:54.00745Z
236,4,4,3,,4734,2021-01-03T22:13:32.486438Z
235,4,4,4,,4728,2021-01-03T21:21:59.986861Z
234,2,1,3,,4698,2021-01-02T23:36:42.853686Z
233,5,5,5,,4696,2021-01-02T23:05:07.701445Z
232,5,5,5,,4683,2021-01-02T03:17:33.030167Z
231,5,5,2,,4670,2021-01-01T03:03:52.372708Z
230,5,5,5,,4644,2020-12-31T21:17:40.956891Z
229,5,5,5,,4630,2020-12-31T00:15:21.246754Z
228,5,5,5,,4613,2020-12-29T00:12:45.507367Z
227,5,5,5,,4583,2020-12-27T20:25:47.315139Z
226,5,5,5,,4577,2020-12-27T04:04:09.70289Z
225,5,5,5,,4558,2020-12-24T22:54:16.008969Z
224,5,5,5,,4523,2020-12-24T01:12:13.940227Z
223,5,5,5,,4514,2020-12-23T22:20:42.97686Z
222,5,5,5,,4507,2020-12-23T20:56:07.437368Z
221,4,4,5,,4498,2020-12-23T20:08:55.106031Z
220,5,5,5,,4485,2020-12-21T02:12:03.890485Z
219,5,5,4,Ability to use Apple Pay directly.,4444,2020-12-20T22:42:08.906Z
218,5,1,5,"What is this auto-tip business, and where in the process can you remove it?",4438,2020-12-20T22:22:06.440241Z
217,5,5,5,,4415,2020-12-20T20:24:38.429733Z
216,4,3,3,,4401,2020-12-19T23:38:59.554366Z
215,5,5,5,,4382,2020-12-19T20:09:25.190025Z
214,5,5,5,,4376,2020-12-19T05:08:58.66254Z
213,5,5,5,,4334,2020-12-17T20:57:36.326591Z
212,4,4,1,Would have liked the opportunity to review AND a note beforehand saying there will be a charge to cancel.,4299,2020-12-14T23:42:20.178457Z
211,5,5,5,,4289,2020-12-14T02:04:56.519134Z
210,5,5,5,,4268,2020-12-13T01:43:07.050547Z
209,4,4,4,,4265,2020-12-13T01:15:52.656728Z
208,5,5,5,,4261,2020-12-13T00:23:57.33297Z
207,5,5,5,,4259,2020-12-13T00:16:40.702229Z
206,5,5,5,,4256,2020-12-12T23:53:53.496791Z
205,5,3,3,,4253,2020-12-12T23:33:15.294866Z
204,5,5,5,,4251,2020-12-12T23:25:46.891907Z
203,3,5,4,,4244,2020-12-12T23:11:47.864058Z
202,5,5,5,,4226,2020-12-12T21:22:18.741959Z
201,5,5,5,,4218,2020-12-12T20:43:20.492161Z
200,4,3,5,,4187,2020-12-11T01:34:17.290341Z
199,5,5,5,,4183,2020-12-11T00:31:02.820988Z
198,3,4,5,,4180,2020-12-10T23:36:55.333611Z
197,5,5,5,,4179,2020-12-10T22:41:04.605882Z
196,5,5,5,,4123,2020-12-06T23:47:26.14219Z
195,5,5,5,,4122,2020-12-06T23:43:19.570744Z
194,5,5,5,,4118,2020-12-06T23:07:35.313165Z
193,4,4,5,,4113,2020-12-06T22:23:20.078805Z
192,5,5,5,,4110,2020-12-06T21:55:25.817597Z
191,5,5,5,,4103,2020-12-06T20:49:45.539542Z
190,5,1,5,"Disappointed lobster roll was sold out, no confirmation of order refund yet",4052,2020-12-05T22:48:20.977783Z
189,5,4,4,,4049,2020-12-05T22:46:12.99331Z
188,5,5,5,,4048,2020-12-05T22:36:12.124689Z
187,3,3,5,,4026,2020-12-05T21:22:45.99371Z
186,5,5,5,,4017,2020-12-05T20:13:08.783296Z
185,5,5,5,,4016,2020-12-05T20:13:03.468758Z
184,5,5,5,,3997,2020-12-05T01:23:49.138509Z
183,4,4,4,,3996,2020-12-05T01:18:13.873891Z
182,5,5,5,,3994,2020-12-05T00:58:05.593042Z
181,5,5,5,,3986,2020-12-05T00:01:46.952557Z
180,5,5,5,just keep it open :)         ,3962,2020-12-04T20:16:28.453103Z
179,5,5,5,,3946,2020-12-03T00:38:27.431363Z
178,5,5,5,,3944,2020-12-02T23:50:53.896765Z
177,5,5,5,Amazing how easy it was! Super friendly service! Definitely will be ordering again! ,3889,2020-11-29T02:08:08.721754Z
176,5,5,5,,3883,2020-11-29T00:55:00.03763Z
175,5,5,5,,3846,2020-11-28T02:23:59.236803Z
174,3,3,3,,3839,2020-11-27T22:45:38.130753Z
173,5,5,5,,3836,2020-11-27T22:01:17.342646Z
172,5,5,5,Impressive - love the text to my phone with estimated time that it will be ready for pick up and a text when it is done. ,3816,2020-11-26T20:28:51.643423Z
171,5,5,5,n/a,3797,2020-11-25T21:23:42.58472Z
170,5,5,5,,3799,2020-11-25T21:23:40.508254Z
169,5,5,5,,3786,2020-11-25T00:43:10.713658Z
168,5,5,5,,3749,2020-11-22T21:38:48.943245Z
167,5,4,3,,3740,2020-11-22T20:40:14.702716Z
166,4,4,1,The credit card entry was squashed on iPhone and difficult to use. Apple Pay would have been easier.  ,3675,2020-11-22T06:55:40.199415Z
165,5,3,3,,3719,2020-11-22T00:01:31.140986Z
164,5,5,3,,3709,2020-11-21T23:10:43.436726Z
163,5,5,5,,3703,2020-11-21T22:44:35.502568Z
162,5,5,5,,3694,2020-11-21T22:03:49.841596Z
161,5,5,5,,3671,2020-11-21T19:31:36.969442Z
160,5,5,5,,3658,2020-11-20T20:53:37.386877Z
159,5,5,5,,3651,2020-11-20T01:25:25.83579Z
158,5,5,5,,3631,2020-11-18T21:23:58.825981Z
157,5,5,5,,3617,2020-11-16T00:28:55.776003Z
156,5,5,5,This was a great and easy process. Thanks Fooreco,3584,2020-11-15T19:48:19.206585Z
155,4,4,4,,3579,2020-11-15T03:50:38.592663Z
154,5,5,5,,3559,2020-11-14T23:18:14.942753Z
153,4,4,4,,3558,2020-11-14T22:33:29.146922Z
152,5,5,5,,3545,2020-11-14T21:20:27.199182Z
151,5,5,5,,3541,2020-11-14T20:43:43.876587Z
150,2,3,1,Take debit,3532,2020-11-14T02:13:07.52165Z
149,5,5,5,,3530,2020-11-14T01:50:43.830915Z
148,3,3,5,,3521,2020-11-13T23:13:25.917719Z
147,5,5,5,,3520,2020-11-13T22:36:36.897156Z
146,5,3,3,,3519,2020-11-13T22:36:12.775669Z
145,5,5,5,,3509,2020-11-13T20:13:32.988216Z
144,5,5,5,,3475,2020-11-11T22:01:57.61306Z
143,5,5,5,,3457,2020-11-09T20:02:24.63562Z
142,4,4,4,,3444,2020-11-08T23:51:35.964869Z
141,5,5,5,,3432,2020-11-08T23:15:23.261397Z
140,5,5,5,,3428,2020-11-08T23:02:33.826911Z
139,5,5,5,More kid friendly drink menu options,3419,2020-11-08T21:46:26.153902Z
138,3,3,3,,3412,2020-11-08T20:42:21.984609Z
137,1,1,1,I was not prepared to do this to order for food. We were not instrcted that this was the way to order and we were waiting for a while untile we notice no one was serving us. Too many steps ,3391,2020-11-07T22:48:15.990549Z
136,1,1,3,Should not have to go to the window after 5 minutes or more to be told it wasn't sent to the kitchen yet.,3381,2020-11-07T20:33:32.582646Z
135,5,5,5,,3379,2020-11-07T20:09:02.591293Z
134,4,4,4,,3374,2020-11-07T01:31:09.172421Z
133,5,5,5,,3341,2020-11-06T01:05:54.919781Z
132,5,5,5,,3321,2020-11-04T20:04:20.479549Z
131,5,5,5,,3309,2020-11-02T02:09:52.949352Z
130,5,5,5,,3294,2020-11-01T23:29:54.08563Z
129,5,5,5,,3291,2020-11-01T23:24:36.314348Z
128,5,5,5,Awesome job fooreco guys!! ,3288,2020-11-01T22:53:06.588184Z
127,5,5,5,,3283,2020-11-01T22:37:06.060591Z
126,5,5,5,,3268,2020-11-01T21:13:23.421947Z
125,5,5,5,,3250,2020-11-01T00:48:33.822713Z
124,5,5,5,,3244,2020-10-31T23:54:09.175701Z
123,5,1,5,Did not say if it was dine in or take out until after payment ,3236,2020-10-31T21:48:35.238184Z
122,5,3,5,The schedule button doesn't seem to work as I was trying to set a later time for pick up.,3216,2020-10-31T20:08:35.097433Z
121,5,5,5,,3214,2020-10-31T20:02:42.858105Z
120,5,3,1,No option to select Google Pay at checkout,3213,2020-10-31T19:56:50.512472Z
119,5,5,5,,3211,2020-10-31T19:18:27.111436Z
118,5,5,5,Estimated time for the order to be completed would be nice.,3202,2020-10-31T01:27:05.872529Z
117,5,5,5,I was wondering who the online tip goes to and if I'm supposed to tip the delivery separately. ,3200,2020-10-31T00:45:58.593338Z
116,5,5,5,,3192,2020-10-30T19:36:39.680999Z
115,5,5,5,,3188,2020-10-30T19:26:50.162207Z
114,5,5,5,,3180,2020-10-30T00:21:53.789326Z
113,5,5,5,,3167,2020-10-28T21:48:02.760513Z
112,4,5,4,,3165,2020-10-28T21:46:54.024853Z
111,5,5,5,,3162,2020-10-28T19:55:36.832924Z
110,5,5,5,Awesome idea!,3131,2020-10-25T22:02:17.930183Z
109,5,5,5,,3130,2020-10-25T21:55:25.295485Z
108,3,3,3,,3091,2020-10-25T00:17:22.671552Z
107,5,5,5,,3098,2020-10-24T23:50:23.975318Z
106,4,4,4,,3095,2020-10-24T23:15:48.449918Z
105,5,5,5,,3094,2020-10-24T22:57:27.38863Z
104,5,5,5,,3078,2020-10-24T21:45:57.012367Z
103,5,3,5,,3073,2020-10-24T21:29:47.178744Z
102,5,5,5,,3062,2020-10-24T19:41:02.58335Z
101,5,5,5,,3061,2020-10-24T06:51:23.332137Z
100,5,5,5,,3041,2020-10-23T19:10:43.467491Z
99,5,5,5,,2994,2020-10-18T22:00:20.528134Z
98,5,5,5,,2986,2020-10-18T18:10:28.896064Z
97,4,3,2,,2967,2020-10-17T22:03:28.152179Z
96,5,5,5,,2965,2020-10-17T21:04:12.917298Z
95,5,1,5,Order wasn't confirmed until I walked up to the pickup counter,2960,2020-10-17T20:25:23.893494Z
94,5,5,5,,2956,2020-10-17T16:02:41.874659Z
93,1,5,5,"Menu says kobideh is chicken, with a picture of chicken??",2952,2020-10-17T00:25:37.3875Z
92,5,5,5,,2949,2020-10-16T22:26:46.567099Z
91,5,5,5,Akhale order,2938,2020-10-15T23:25:50.387662Z
90,5,5,5,Dope!,2905,2020-10-11T22:48:23.804091Z
89,4,4,4,,2901,2020-10-11T19:55:17.023062Z
88,5,5,5,,2866,2020-10-10T22:34:04.388997Z
87,5,5,5,,2846,2020-10-10T21:31:15.378069Z
86,5,5,5,,2844,2020-10-10T21:26:31.632955Z
85,1,1,1,,2813,2020-10-09T22:31:28.125737Z
84,5,1,1,I would love if this was more old fashioned.,2795,2020-10-08T23:30:30.158888Z
83,5,4,3,,2767,2020-10-07T19:23:48.137091Z
82,5,5,5,,2746,2020-10-04T21:57:51.420169Z
81,3,3,3,Payment form mobile fields hard to use,2744,2020-10-04T21:55:00.12512Z
80,4,4,4,Nice!,2719,2020-10-04T01:19:15.054674Z
79,4,5,5,,2663,2020-10-03T19:13:56.676441Z
78,1,1,1,well over an hour  and no indication when the food will even leave or if they even got my order,2659,2020-10-03T07:07:03.978218Z
77,3,3,3,faster  been 40 min and order hasn't even been processed ,2660,2020-10-03T06:27:40.654934Z
76,2,4,5,more photos,2642,2020-10-02T19:11:15.795979Z
75,5,5,5,Great work guys,2643,2020-10-02T19:10:29.329518Z
74,4,4,4,,2640,2020-10-02T02:47:22.491956Z
73,5,5,5,,2636,2020-10-02T02:03:48.739867Z
72,5,5,5,,2624,2020-10-01T23:13:04.464628Z
71,5,2,5,Yesterday I saw that Popina was using Fooreco on Instagram so I set up a Fooreco account and installed the IOS app but couldn’t see how to order before arriving. The appeal was to have the food being prepared while I was in transit and no wait to pick it up. ,2617,2020-10-01T19:22:50.668781Z
70,3,1,3,My order was ignored for 15 minutes before anyone looked at the iPad to acknowledge it. What's the point of offering this method of ordering if your service is this poor?,2602,2020-09-30T19:45:16.532697Z
69,5,3,1,,2574,2020-09-27T23:00:38.013107Z
68,5,5,5,,2571,2020-09-27T22:52:04.700325Z
67,4,4,4,,2556,2020-09-27T21:06:23.684798Z
66,4,4,4,,2552,2020-09-27T20:43:26.200951Z
65,3,5,5,,2545,2020-09-27T19:28:02.121522Z
64,5,5,5,,2523,2020-09-26T22:43:17.621689Z
63,5,4,4,,2513,2020-09-26T22:12:57.124177Z
62,5,4,2,,2507,2020-09-26T21:48:52.612497Z
61,5,5,5,,2506,2020-09-26T21:37:05.939787Z
60,5,5,4,Give an option to pay by cash in person ,2489,2020-09-26T02:38:49.742228Z
59,4,5,5,,2485,2020-09-26T00:38:11.964244Z
58,5,5,5,,2448,2020-09-25T21:04:55.057889Z
57,5,5,1,,2435,2020-09-25T18:09:23.044368Z
56,5,5,5,Easy and very user friendly,2427,2020-09-24T21:06:18.840823Z
55,5,5,5,Keep up the good work,2417,2020-09-23T18:54:49.732526Z
54,4,5,5,,2399,2020-09-21T01:10:11.485693Z
53,5,5,4,,2394,2020-09-21T00:59:50.198181Z
52,5,5,5,,2376,2020-09-20T22:34:30.547968Z
51,1,1,1,,2358,2020-09-20T21:39:59.60579Z
50,5,5,5,,2351,2020-09-20T21:03:57.399439Z
49,5,5,5,,2339,2020-09-20T02:32:47.827212Z
48,5,5,5,,2324,2020-09-20T00:22:56.630021Z
47,5,5,5,,2318,2020-09-20T00:02:51.404149Z
46,5,5,5,,2316,2020-09-20T00:02:37.403808Z
45,1,1,1,Get a vending machine,2315,2020-09-19T23:57:01.944882Z
44,5,5,5,,2311,2020-09-19T23:38:14.159407Z
43,1,1,1,Better ordering and pay system,2310,2020-09-19T23:33:06.650758Z
42,1,1,1,,2309,2020-09-19T23:05:44.641983Z
41,3,4,4,"Very few options, would be nice to have more.",2292,2020-09-18T20:25:21.431657Z
40,5,5,5,,2279,2020-09-16T23:50:10.35212Z
39,4,1,4,I submitted my order at 2:02. I received my food at 2:36. It took 20 minutes for my order to be processed. I was dissatisfied with the online ordering experience.,2272,2020-09-16T21:38:10.245585Z
38,5,5,5,,2252,2020-09-14T00:42:28.471957Z
37,5,5,5,,2234,2020-09-13T22:02:18.576864Z
36,5,5,5,,2216,2020-09-13T01:33:44.885034Z
35,5,5,5,,2193,2020-09-12T23:51:51.966689Z
34,4,2,1,,2186,2020-09-12T23:22:51.279878Z
33,5,5,5,,2168,2020-09-12T20:56:56.340033Z
32,5,5,5,,2147,2020-09-11T23:49:48.197967Z
31,5,5,5,,2144,2020-09-11T23:30:58.576838Z
30,5,5,5,,2140,2020-09-11T22:57:43.03693Z
29,5,5,5,,2136,2020-09-11T22:16:01.625893Z
28,5,5,5,,2132,2020-09-11T22:04:39.764593Z
27,4,5,5,,2113,2020-09-11T00:03:57.049654Z
26,5,5,5,,2100,2020-09-10T19:29:50.6449Z
25,5,5,5,,2092,2020-09-10T01:08:43.801913Z
24,5,5,1,Logging onto my Google account did not let me use my stored payment information,2072,2020-09-09T21:38:18.475216Z
23,5,5,5,,2048,2020-09-07T03:37:14.365189Z
22,5,5,5,,2040,2020-09-07T01:23:37.025527Z
21,5,3,5,,2024,2020-09-07T00:16:09.332284Z
20,2,4,3,,2019,2020-09-07T00:07:43.512393Z
19,3,5,5,More seafood :),1999,2020-09-06T22:34:12.417967Z
18,5,5,5,,1977,2020-09-06T21:16:37.491673Z
17,5,5,5,,1958,2020-09-06T19:08:38.780031Z
16,5,5,5,,1946,2020-09-06T01:45:56.66574Z
15,4,4,4,,1944,2020-09-06T01:44:58.843655Z
14,5,5,5,,1930,2020-09-06T00:14:10.997268Z
13,4,4,4,,1914,2020-09-05T23:01:33.968373Z
12,5,5,5,,1878,2020-09-05T22:13:02.483438Z
11,5,4,2,,1861,2020-09-05T00:20:58.378938Z
10,5,5,5,,1859,2020-09-04T23:44:15.267133Z
9,5,5,5,,1850,2020-09-04T22:53:23.983117Z
8,5,5,5,,1827,2020-09-04T01:48:41.832871Z
7,5,5,5,,1821,2020-09-03T23:52:02.215979Z
6,5,5,5,Everyone here is very safe ,1818,2020-09-03T22:57:12.263724Z
5,5,5,5,,1814,2020-09-03T22:12:25.146882Z
4,5,5,5,,1807,2020-09-03T03:16:31.110117Z
3,4,3,2,"menu is simple but easy to follow. Order process is also easy 
I prefer to pay after, especially when deciding on the tip amount for services provided. ",1805,2020-09-03T01:47:10.453395Z
2,5,5,5,,1800,2020-09-03T00:08:11.430936Z
1,5,5,5,,1794,2020-09-02T20:01:09.823483Z

